country,iso2c,iso3c,year,CO2,GDP,POP,CO2pc,GDPpc,CO2pcdev,GDPpcdev,CO2pcln,GDPpcln
Afghanistan,AF,AFG,2010,7.8684,15354612541.5059,28284089,2.7819174236087293e-7,542.8710304760355,-4.8856856818213176e-6,-13701.09762788973,-15.094955240281234,6.296871778787793
Albania,AL,ALB,2010,4.567,10428102872.2706,2913021,1.5677882171120635e-6,3579.824131810447,-3.5960892070701272e-6,-10664.14452655532,-13.365844710775546,8.183068952995452
Algeria,DZ,DZA,2010,118.6168,161276864361.482,36188236,3.277772367793777e-6,4456.610274164289,-1.886105056388414e-6,-9787.358384201478,-12.628346522459674,8.402143727831957
American Samoa,AS,ASM,2010,1e-4,687384732.824428,55228,1.810675744187731e-9,12446.308626501557,-5.1620667484380035e-6,-1797.6600318642086,-20.129565722012227,9.429179362065936
Angola,AO,AGO,2010,22.7399,82482120582.925,23294825,9.761781854982811e-7,3540.7915956838056,-4.187699238683909e-6,-10703.17706268196,-13.839620700087771,8.172105595729747
Antigua and Barbuda,AG,ATG,2010,0.2789,1376672104.84443,85320,3.2688701359587434e-6,16135.39738448699,-1.8950072882234475e-6,1891.4287261212248,-12.631066156933981,9.688770732908345
Argentina,AR,ARG,2010,177.3162,552738161802.463,41288694,4.294546105042702e-6,13387.155374845788,-8.693313191394886e-7,-856.8132835199776,-12.358164687962924,9.502050972116228
Armenia,AM,ARM,2010,4.2991,8513508751.09706,3044800,1.4119482396216501e-6,2796.0814342804324,-3.7519291845605406e-6,-11447.887224085334,-13.470540077056874,7.935974228208693
Aruba,AW,ABW,2010,0.4828,2589660712.61171,101838,4.74086293917791e-6,25429.21809748532,-4.2301448500428084e-7,11185.249439119556,-12.259291384148346,10.143654110695536
Australia,AU,AUS,2010,415.3195,1184610839239.74,22031750,1.8850953737220148e-5,53768.34973344106,1.3687076313037957e-5,39524.38107507529,-10.878947049211195,10.89244027811907
Austria,AT,AUT,2010,73.7998,359922497999.326,8363404,8.824134287904781e-6,43035.407353193266,3.6602568637225905e-6,28791.4386948275,-11.63802005764465,10.669778482664274
Azerbaijan,AZ,AZE,2010,26.6362,47988959988.6111,9054332,2.9418183472839298e-6,5300.110487290625,-2.222059076898261e-6,-8943.85817107514,-12.736482682326272,8.575482945981534
"Bahamas, The",BS,BHS,2010,1.283,11265931761.9405,367478,3.4913654694974935e-6,30657.4319059658,-1.6725119546846974e-6,16413.463247600033,-12.565217646264033,10.330630388512155
Bahrain,BH,BHR,2010,28.8353,27303230073.1892,1228543,2.3471136134429158e-5,22224.073616624897,1.8307258710246967e-5,7980.104958259131,-10.659739141329673,10.008931377471761
Bangladesh,BD,BGD,2010,60.7693,143627564998.204,152201981,3.992674707696479e-7,943.6642286423591,-4.764609953412543e-6,-13300.304429723406,-14.733634291836493,6.8497704128753085
Barbados,BB,BRB,2010,0.8204,6050442244.32578,275243,2.9806389263305515e-6,21982.183904134818,-2.1832384978516394e-6,7738.215245769052,-12.723372875619477,9.997987581717716
Belarus,BY,BLR,2010,66.1204,53262115569.3291,9483836,6.971904617498658e-6,5616.094117330698,1.808027193316467e-6,-8627.874541035068,-11.873622111194882,8.633391704349176
Belgium,BE,BEL,2010,114.9031,435731531598.616,10895586,1.0545839388537706e-5,39991.564620628575,5.381961964355515e-6,25747.595962262807,-11.459779146581516,10.596423826372527
Belize,BZ,BLZ,2010,0.2333,1901536024.42607,320245,7.285047385595404e-7,5937.7539834378995,-4.43537268562265e-6,-8306.214674927865,-14.132271706789354,8.689086223585985
Benin,BJ,BEN,2010,5.0815,9094481753.64081,9797484,5.186535645273827e-7,928.2466553291447,-4.645223859654808e-6,-13315.72200303662,-14.472029682389245,6.8332974898502075
Bermuda,BM,BMU,2010,0.309,7543950875.42882,63725,4.8489603766182814e-6,118382.90899064449,-3.149170475639095e-7,104138.94033227873,-12.236746231328707,11.681679641271437
Bhutan,BT,BTN,2010,0.905,1668991759.59852,701632,1.2898499498312506e-6,2378.7281076098584,-3.87402747435094e-6,-11865.240550755907,-13.560984664316424,7.7743212152510806
Bolivia,BO,BOL,2010,14.7927,25266542246.0612,10182345,1.4527792959283937e-6,2481.4070085094545,-3.7110981282537972e-6,-11762.56164985631,-13.442032080351542,7.81658102042223
Bosnia and Herzegovina,BA,BIH,2010,22.2176,15174269895.7758,3811472,5.829138978326484e-6,3981.2098569203185,6.652615541442932e-7,-10262.758801445447,-12.0526412566175,8.289341036235497
Botswana,BW,BWA,2010,3.3822,11353915357.5123,2033111,1.6635589498064788e-6,5584.503432184618,-3.500318474375712e-6,-8659.465226181148,-13.306551304901168,8.627750796571904
Brazil,BR,BRA,2010,439.9219,1703150040806.99,193701929,2.271128131098787e-6,8792.633349598651,-2.8927492930834038e-6,-5451.335308767115,-12.995233875869339,9.081669530522428
Brunei Darussalam,BN,BRN,2010,7.3795,12994552864.5932,392332,1.8809324755564165e-5,33121.31782417239,1.3645447331381974e-5,18877.34916580662,-10.881157813458147,10.407932397084805
Bulgaria,BG,BGR,2010,49.5094,47544216166.3084,7395599,6.694440842452383e-6,6428.71742590538,1.530563418270192e-6,-7815.251232460386,-11.91423310098678,8.768530330135652
Burkina Faso,BF,BFA,2010,1.9623,9088720451.70527,16176498,1.213056126239437e-7,561.8472213024891,-5.042571811558247e-6,-13682.121437063277,-15.924952751465508,6.331229964720055
Burundi,BI,BDI,2010,0.3199,2375133693.99181,9376444,3.4117411675471e-8,253.30857774992415,-5.12976001250672e-6,-13990.660080615842,-17.193457976653193,5.534608420429221
Cabo Verde,CV,CPV,2010,0.7498,1628564468.24228,509784,1.470819013542991e-6,3194.6166773423256,-3.6930584106392e-6,-11049.35198102344,-13.429691160255157,8.069222383821264
Cambodia,KH,KHM,2010,5.1593,16760698493.0409,14500726,3.557959787668562e-7,1155.8523685669875,-4.808081445415335e-6,-13088.116289798778,-14.848908363726672,7.052593332224766
Cameroon,CM,CMR,2010,7.828,25389533434.6495,19668066,3.9800557919624637e-7,1290.901374575899,-4.765871844985945e-6,-12953.067283789867,-14.736799813679205,7.163095993331911
Canada,CA,CAN,2010,562.1099,1399830508940.89,34005902,1.6529774743219574e-5,41164.339911962634,1.1365897319037383e-5,26920.371253596866,-11.010347273373643,10.625327624427541
Cayman Islands,KY,CYM,2010,0.2472,4299956032.00849,54099,4.5694005434481226e-6,79483.09639750254,-5.944768807340684e-7,65239.12773913677,-12.296128533773983,11.283299654103965
Central African Republic,CF,CAF,2010,0.1999,2332499967.93604,4492995,4.449148062706502e-8,519.1414564084847,-5.119385943555126e-6,-13724.827201957281,-16.92796811268526,6.252176401729687
Chad,TD,TCD,2010,0.5246,11782555814.4129,12312575,4.260684706489097e-8,956.9530187156546,-5.1212705771172995e-6,-13287.015639650112,-16.97125086736385,6.863754297996746
Chile,CL,CHL,2010,72.323,200151851762.225,17181464,4.2093619030369004e-06,11649.289709085617,-9.545155211452905e-7,-2594.678949280149,-12.378199488732026,9.363000487957951
China,CN,CHN,2010,9106.0051,7711689202853.29,1337705000,6.80718476794211e-6,5764.865349874068,1.643307343759919e-6,-8479.103308491698,-11.897531920052815,8.659537075947144
Colombia,CO,COL,2010,68.1511,233479933032.173,44777319,1.5220004574190785e-6,5214.245476201311,-3.6418769667631126e-6,-9029.723182164455,-13.395484997986665,8.559149673592595
Comoros,KM,COM,2010,0.1559,833348554.386726,654836,2.3807487676303687e-7,1272.6065066470476,-4.925802547419154e-6,-12971.362151718718,-15.25068060450568,7.148822443662446
"Congo, Dem. Rep.",CD,COD,2010,2.9456,27467694662.4827,68563038,4.296192359504257e-8,400.61956797309216,-5.120915500587148e-6,-13843.349090392674,-16.96295161132732,5.993012268701495
"Congo, Rep.",CG,COG,2010,5.2916,10407332392.13,4462290,1.185848521723151e-6,2332.285080559533,-3.97802890245904e-6,-11911.683577806232,-13.645051987533114,7.75460378723702
Costa Rica,CR,CRI,2010,7.2362,46858459461.2317,4555962,1.5882924396647734e-6,10285.085666041925,-3.5755849845174176e-6,-3958.882992323841,-13.352851056133773,9.238450131273753
Cote d'Ivoire,CI,CIV,2010,7.3149,34643522418.9356,22488065,3.252792092160886e-7,1540.529272702458,-4.838598214966102e-6,-12703.439385663307,-14.938581918156121,7.339881319935029
Croatia,HR,HRV,2010,20.9405,51394805225.024,4295427,4.875068299379782e-6,11965.004928502802,-2.8880912480240887e-7,-2278.963729862964,-12.231376443483418,9.38974141225236
Cuba,CU,CUB,2010,28.1815,75878940053.321,11297409,2.494510024378156e-6,6716.49048497058,-2.669367399804035e-6,-7527.478173395186,-12.901418231061228,8.812321047837221
Cyprus,CY,CYP,2010,7.9141,21640286747.1052,1127816,7.017190747426886e-6,19187.781293318414,1.853313323244695e-6,4943.812634952648,-11.867147598448529,9.862028964460187
Czechia,CZ,CZE,2010,120.9946,174565802522.079,10474410,1.1551447766509045e-5,16665.93178251367,6.387570342326854e-6,2421.9631241479055,-11.368699781102144,9.721121901720867
Denmark,DK,DNK,2010,48.56,284093791186.593,5547683,8.753203814998081e-6,51209.44927577748,3.58932639081589e-6,36965.48061741171,-11.646090774325913,10.843679350166733
Dominica,DM,DMA,2010,0.0773,590415870.485502,68859,1.122583830726557e-6,8574.273086822377,-4.041293593455634e-6,-5669.695571543389,-13.699877537956832,9.056521497224809
Dominican Republic,DO,DOM,2010,20.9277,55645592832.7047,9820175,2.1310923685168545e-6,5666.456334302056,-3.0327850556653364e-6,-8577.51232406371,-13.058875860636133,8.642319216205266
Ecuador,EC,ECU,2010,38.2529,75718234074.2169,15076695,2.5372205247900814e-6,5022.203743872043,-2.6266568993921096e-6,-9221.764914493724,-12.884441357675765,8.521624109159822
"Egypt, Arab Rep.",EG,EGY,2010,211.7586,288446290408.139,89196072,2.3740798810064193e-6,3233.8452124678647,-2.7897975431757717e-6,-11010.123445897902,-12.950900614067228,8.081427176427553
El Salvador,SV,SLV,2010,6.7247,20622904543.8145,6068249,1.1081779933552496e-6,3398.4934606036268,-4.055699430826941e-6,-10845.475197762138,-13.712793338718592,8.131087512584054
Equatorial Guinea,GQ,GNQ,2010,5.7159,13061295371.1388,1189085,4.806973429149304e-6,10984.324393242536,-3.56903995032887e-7,-3259.64426512323,-12.245442896600636,9.304224480263942
Eritrea,ER,ERI,2010,0.5168,2073049788.74561,2945186,1.754727884758382e-7,703.8773743816554,-4.988404635706353e-6,-13540.091283984111,-15.55578185748193,6.556604156869261
Estonia,EE,EST,2010,22.2156,19516680413.329,1331475,1.6684954655551173e-5,14657.93981361197,1.1521077231368982e-5,413.97115524620494,-11.001003163442114,9.592737434433701
Eswatini,SZ,SWZ,2010,0.8556,3412233861.45679,1111650,7.696667116448523e-7,3069.5217572588404,-4.394210712537338e-6,-11174.446901106925,-14.077308257821501,8.029277049051858
Ethiopia,ET,ETH,2010,6.8811,38198074328.8086,90538514,7.600191008215575e-8,421.89862237863326,-5.087875514100035e-6,-13822.070035987133,-16.392507364315957,6.044765053845591
Faroe Islands,FO,FRO,2010,0.002,2059822159.10004,48657,4.1104054915017366e-8,42333.52157140884,-5.122773369267173e-6,28089.552913043073,-17.00715906057799,10.653334523331445
Fiji,FJ,FJI,2010,1.6965,3889636945.80504,910419,1.8634277184461219e-6,4272.359150901992,-3.300449705736069e-6,-9971.609507463774,-13.193092906841558,8.359921448010295
Finland,FI,FIN,2010,65.8469,233609048324.553,5363352,1.2277191577207687e-5,43556.53858343681,7.113314153025496e-6,29312.569925071046,-11.30776736032532,10.681815110699375
France,FR,FRA,2010,377.2787,2313515332182.54,65026211,5.801948079059996e-6,35578.19680101828,6.380706548778052e-7,21334.228142652515,-12.057316821105516,10.479488279806773
French Polynesia,PF,PYF,2010,0.9897,5388066377.2296,270580,3.6576982777736716e-6,19913.025268791484,-1.5061791464085194e-6,5669.056610425718,-12.518676494236843,9.899129332717418
Gabon,GA,GAB,2010,5.9582,11147389066.6347,1719879,3.4643134778667566e-6,6481.4961207356455,-1.6995639463154343e-6,-7762.47253763012,-12.57299607543863,8.776706645526557
"Gambia, The",GM,GMB,2010,0.4408,1350595613.51288,1926630,2.2879328153303957e-7,701.0145245910632,-4.9350841426491515e-6,-13542.954133774703,-15.29044694180092,6.552528606636005
Georgia,GE,GEO,2010,6.3124,11701134202.5253,3786695,1.6669945691427485e-6,3090.0651366231764,-3.4968828550394426e-6,-11153.90352174259,-13.304488212063703,8.03594744948294
Germany,DE,DEU,2010,814.962,3150598283304.25,81776930,9.965671247379915e-6,38526.7371042695,4.801793823197724e-6,24282.768445903734,-11.516364246068392,10.559107749483772
Ghana,GH,GHA,2010,11.128,35186775129.0417,25474995,4.36820497903925e-7,1381.2279503505968,-4.727056926278266e-6,-12862.74070801517,-14.643743486181048,7.230728201591565
Greece,GR,GRC,2010,89.0981,239639588360.141,11121341,8.01145293539691e-6,21547.724178239027,2.847575511214719e-6,7303.755519873261,-11.734638423146336,9.978025483376891
Greenland,GL,GRL,2010,0.6428,2458184031.69379,56534,1.1370148936922914e-5,43481.51610878038,6.206271512740723e-6,29237.54745041461,-11.38451915117391,10.680091209734417
Grenada,GD,GRD,2010,0.1188,855944031.100456,111586,1.0646496872367502e-6,7670.711658276629,-4.099227736945441e-6,-6573.2570000891365,-13.752864745085004,8.945164674708524
Guam,GU,GUM,2010,3e-4,5435968880.80073,166522,1.8015637573413722e-9,32644.148405620457,-5.16207586042485e-6,18400.17974725469,-20.13461079511416,10.393420896762493
Guatemala,GT,GTM,2010,11.7791,51426471557.3669,14500112,8.123454494696316e-7,3546.625816225895,-4.35153197471256e-6,-10697.342842139871,-14.02334015687326,8.173751956179773
Guinea,GN,GIN,2010,2.5103,7025019105.91374,10396086,2.4146587475324847e-7,675.7369173277077,-4.9224115494289425e-6,-13568.231741038058,-15.236537679207899,6.515803824743777
Guinea-Bissau,GW,GNB,2010,0.3138,980382895.434522,1566347,2.0033874997047272e-7,625.9040272905825,-4.963538674211718e-6,-13618.064631075184,-15.423256153322678,6.439197048309352
Guyana,GY,GUY,2010,1.7612,3641452424.56855,749256,2.3505984603393234e-6,4860.09110980566,-2.8132789638428675e-6,-9383.877548560105,-12.960840598255391,8.488812463592412
Haiti,HT,HTI,2010,2.5989,12916662276.64,9803294,2.6510476988653e-7,1317.5838933974642,-4.898772654295661e-6,-12926.384764968301,-15.143140731031217,7.1835549545912825
Honduras,HN,HND,2010,7.9832,17639229093.9667,8365878,9.542572817820198e-7,2108.4731445960247,-4.209620142400171e-6,-12135.495513769742,-13.8623325144547,7.653719336371342
"Hong Kong SAR, China",HK,HKG,2010,42.2277,267551928313.897,7024200,6.011745109763389e-6,38090.02139943296,8.47867685581198e-7,23846.052741067193,-12.021795483884597,10.547707621284856
Hungary,HU,HUN,2010,52.3463,112873946275.587,10000023,5.234617960378691e-6,11287.368666610768,7.074053619650031e-8,-2956.599991754998,-12.16021669426493,9.331439562362823
Iceland,IS,ISL,2010,3.7364,15752089361.4432,318041,1.1748170833320233e-5,49528.48645754226,6.584293409138042e-6,35284.517799176494,-11.351813003252504,10.810303267020124
India,IN,IND,2010,1730.0542,1535897931732.14,1243481564,1.391298632876233e-6,1235.1593913395084,-3.772578791305958e-6,-13008.809267026258,-13.48527297872234,7.118955302547685
Indonesia,ID,IDN,2010,443.682,657835433773.518,246305322,1.8013496273539718e-6,2670.8129098952963,-3.362527796828219e-6,-11573.15574847047,-13.22697438104205,7.890138165690504
"Iran, Islamic Rep.",IR,IRN,2010,576.7498,406386748164.51,77420842,7.449541817176311e-6,5249.061333697585,2.2856643929941198e-6,-8994.90732466818,-11.807358028514233,8.565804546018779
Iraq,IQ,IRQ,2010,111.4935,120516349622.451,31045366,3.591308925138779e-6,3881.9432704530204,-1.5725684990434119e-6,-10362.025387912745,-12.536993818812922,8.264091150137638
Ireland,IE,IRL,2010,40.9249,214289191596.523,4560155,8.97445371922665e-6,46991.64646739486,3.8105762950444587e-6,32747.67780902909,-11.621128492380933,10.757725130159226
Israel,IL,ISR,2010,71.9452,254206817526.885,7623600,9.437168791646992e-6,33344.72132940934,4.273291367464801e-6,19100.75267104357,-11.570854538929794,10.414654757838782
Italy,IT,ITA,2010,423.6329,1909947188308.66,59819407,7.0818639175075745e-6,31928.554362109608,1.9179864933253836e-6,17684.58570374384,-11.857973419722159,10.371256009460247
Jamaica,JM,JAM,2010,7.6922,14489274699.2317,2748568,2.7986209546207335e-6,5271.5722147793695,-2.3652564695614575e-6,-8972.396443586396,-12.786383778315942,8.570083930018187
Japan,JP,JPN,2010,1217.0641,4218907820178.57,128070000,9.503116264542829e-6,32942.20207838346,4.339238840360638e-6,18698.233420017692,-11.563890785300536,10.402509852692802
Jordan,JO,JOR,2010,20.5883,33723826288.3537,7297043,2.821457952214342e-6,4621.574285413105,-2.342419471967849e-6,-9622.394372952662,-12.778256802283618,8.438490680450604
Kazakhstan,KZ,KAZ,2010,242.1984,146559490369.689,16836810,1.4385052750491333e-5,8704.706554845543,9.221175326309142e-6,-5539.262103520223,-11.14932089391908,9.071619141679534
Kenya,KE,KEN,2010,13.4828,55748929986.1062,41598567,3.241169341241971e-7,1340.1646740885617,-4.839760490057994e-6,-12903.803984277205,-14.942161478474901,7.20054777650533
Kiribati,KI,KIR,2010,0.0611,144444531.776316,108704,5.620768324992641e-7,1328.7876414512436,-4.601800591682927e-6,-12915.181016914523,-14.391627283764898,7.192022257722454
"Korea, Rep.",KR,KOR,2010,612.9372,1319281537670.41,49554112,1.236904820330551e-5,26623.048712292733,7.205170779123319e-6,12379.080053926968,-11.300313318472883,10.189532612524832
Kuwait,KW,KWT,2010,86.8196,95861205611.671,2943372,2.949664534418347e-5,32568.49817545013,2.433276792000128e-5,18324.529517084367,-10.431234018231107,10.39110078653629
Kyrgyz Republic,KG,KGZ,2010,6.6057,5263491909.11624,5467059,1.2082730404043563e-6,962.764789828725,-3.955604383777835e-6,-13281.20386853704,-13.626318457167066,6.869809134642694
Lao PDR,LA,LAO,2010,2.9614,9912447859.53224,6334194,4.67525939369713e-7,1564.910683116469,-4.696351484812478e-6,-12679.057975249296,-14.575811004474112,7.35558402985454
Latvia,LV,LVA,2010,8.8799,22026145287.9415,2097555,4.233452758092159e-6,10500.866622301442,-9.304246660900319e-7,-3743.1020360643233,-12.372492642992798,9.259213068197031
Lebanon,LB,LBN,2010,20.6592,45147473283.5593,5041288,4.098000352290922e-6,8955.543361847072,-1.065877071891269e-6,-5288.425296518693,-12.405011422181019,9.100027989577221
Lesotho,LS,LSO,2010,0.5223,1986735734.7651,1996251,2.6164044501417905e-7,995.2334324516806,-4.902236979168012e-6,-13248.735225914084,-15.156294622990378,6.902977315122107
Liberia,LR,LBR,2010,0.7943,2523749998.53307,4058890,1.956938966072005e-7,621.7832950715763,-4.968183527574991e-6,-13622.18536329419,-15.446714150525864,6.4325916318272585
Libya,LY,LBY,2010,63.6702,83912660700.3206,6497839,9.798673066537968e-6,12913.933493938615,4.634795642355777e-6,-1330.0351644271504,-11.533263582829019,9.466062123253577
Lithuania,LT,LTU,2010,14.041,33711177146.509,3097282,4.533329545065642e-6,10884.116185258235,-6.305478791165491e-7,-3359.8524731075304,-12.304053889538011,9.295059774713694
Luxembourg,LU,LUX,2010,11.2134,54012829512.59,506953,2.21192102620953e-5,106544.05736348339,1.695533283791311e-5,92300.08870511763,-10.719064084384408,11.576313862752077
"Macao SAR, China",MO,MAC,2010,1.7202,39842746025.8379,537000,3.2033519553072625e-6,74195.05777623445,-1.9605254688749285e-6,59951.08911786868,-12.65131281035576,11.214452820147848
Madagascar,MG,MDG,2010,1.9684,9925206605.67835,22183340,8.873325657903634e-8,447.4171430306866,-5.075144167603155e-6,-13796.551515335079,-16.237631084653476,6.103491365332873
Malawi,MW,MWI,2010,4.4851,7533157578.1417,14826463,3.0250640358391614e-7,508.08865055284593,-4.861371020598275e-6,-13735.88000781292,-15.011163390827122,6.2306559413158595
Malaysia,MY,MYS,2010,215.5014,232654030399.227,28655776,7.520347730244681e-6,8118.922705119799,2.3564703060624897e-6,-6125.045953245967,-11.797898180347568,9.001952752570768
Maldives,MV,MDV,2010,1.0537,3091816044.31985,360792,2.9205193019800885e-6,8569.524946007255,-2.2433581222021024e-6,-5674.44371235851,-12.743749114352434,9.055967577850883
Mali,ML,MLI,2010,1.9869,13093898208.5384,15945198,1.2460804814088857e-7,821.1812865878743,-5.039269376041302e-6,-13422.787371777891,-15.898092640858085,6.710743896998957
Malta,MT,MLT,2010,2.5947,8601309578.86681,414508,6.259710307159331e-6,20750.64794615981,1.09583288297714e-6,6506.679287794044,-11.98137665073468,9.940332751492267
Marshall Islands,MH,MHL,2010,1e-4,179100000,52044,1.921451079855507e-9,3441.318884021213,-5.161955973102335e-6,-10802.649774344552,-20.07018516559955,8.143610073407574
Mauritania,MR,MRT,2010,2.1069,4951459275.31606,3390965,6.213275571997941e-7,1460.1917965287344,-4.542549866982397e-6,-12783.776861837032,-14.291407426764458,7.286323073559864
Mauritius,MU,MUS,2010,3.6757,10146771628.6992,1250400,2.9396193218170186e-6,8114.820560380038,-2.2242581023651723e-6,-6129.148097985728,-12.737230467372415,9.00144736761303
Mexico,MX,MEX,2010,476.9429,1066822388048.98,113623895,4.197558092864181e-6,9389.067220842764,-9.663193313180095e-7,-4854.901437523002,-12.381007608218138,9.14730122976458
"Micronesia, Fed. Sts.",FM,FSM,2010,2e-4,310244010.295231,107540,1.859773107680863e-9,2884.9173358306766,-5.16201765107451e-6,-11359.05132253509,-20.102811341779905,7.967251525440072
Moldova,MD,MDA,2010,8.5049,6496144351.04957,2862354,2.97129565385693e-6,2269.5111614599628,-2.1925817703252608e-6,-11974.457496905803,-12.726512453187887,7.727319739910407
Mongolia,MN,MNG,2010,14.9057,7152385862.09146,2738622,5.442773774547929e-6,2611.673265639238,2.7889635036573833e-7,-11632.295392726528,-12.12122174201643,7.867746392847309
Morocco,MA,MAR,2010,52.0418,90971304769.4422,32467016,1.602912937856685e-6,2801.9607582489934,-3.560964486325506e-6,-11442.007900116772,-13.343687997816371,7.938074721891314
Mozambique,MZ,MOZ,2010,3.6056,11365367724.1329,22999235,1.5677043171218522e-7,494.16285907478664,-5.007106992470006e-6,-13749.80579929098,-15.668483320076403,6.20286513709777
Myanmar,MM,MMR,2010,8.6324,41912536387.039,49024382,1.760838107046408e-7,854.9324780277495,-4.98779361347755e-6,-13389.036180338016,-15.552305758068698,6.751022492751264
Nauru,NR,NRU,2010,0,47691850.9045751,10043,0,4748.765399240775,-5.163877424182191e-6,-9495.203259124992,-Inf,8.465639947295372
Nepal,NP,NPL,2010,4.785,19720799061.8121,27341952,1.7500579329522633e-7,721.2652213643013,-4.988871630886964e-6,-13522.703437001464,-15.55844675902669,6.5810069217442315
Netherlands,NL,NLD,2010,186.1211,742031413974.447,16615394,1.1201726543469267e-5,44659.27283905799,6.037849119287076e-6,30415.30418069222,-11.39944263587709,10.706817243108839
New Zealand,NZ,NZL,2010,33.4445,154405312544.983,4350700,7.68715379134392e-6,35489.76315190268,2.5232763671617295e-6,21245.794493536916,-11.775959961118092,10.476999571960981
Nicaragua,NI,NIC,2010,4.6711,9778787862.00226,5737450,8.14142171173605e-7,1704.3787504905943,-4.349735253008586e-6,-12539.589907875172,-14.021130828733279,7.440955954105298
Niger,NE,NER,2010,1.4418,7299346341.92573,16548835,8.712395766831925e-8,441.0791661120393,-5.076753466513872e-6,-13802.889492253726,-16.255933931572073,6.089224374329244
Nigeria,NG,NGA,2010,94.4036,385856064172.786,166642886,5.665024308328409e-7,2315.466765096627,-4.59737499334935e-6,-11928.501893269138,-14.383784465520494,7.747366572588097
North Macedonia,MK,MKD,2010,9.1751,8918648175.61246,1946298,4.714129079925068e-6,4582.36517512347,-4.4974834425712293e-7,-9661.603483242296,-12.264946371575526,8.429970557594938
Northern Mariana Islands,MP,MNP,2010,1e-4,881321212.121212,54091,1.8487363886783385e-9,16293.305949625852,-5.162028687793513e-6,2049.337291260086,-20.108763464376434,9.69850962450651
Norway,NO,NOR,2010,47.9849,355959036888.204,4889252,9.814364242219465e-6,72804.39561883984,4.650486818037274e-6,58560.42696047408,-11.531663506432665,11.195531611741684
Oman,OM,OMN,2010,51.4932,62776154506.6944,2757446,1.8674236956952196e-5,22766.050362072147,1.3510359532770005e-5,8522.08170370638,-10.888365686845626,10.033025686044367
Pakistan,PK,PAK,2010,155.6566,250382678707.751,199239047,7.81255493557947e-7,1256.6948220132322,-4.382621930624244e-6,-12987.273836352533,-14.06236360416635,7.136240396308029
Palau,PW,PLW,2010,2.1107,242946999.617743,18396,1.1473689932594043e-4,13206.512264500054,1.0957302190175823e-4,-1037.456393865712,-9.07286888263538,9.488465340286917
Panama,PA,PAN,2010,9.1798,38818327773.9434,3628535,2.529891540249715e-6,10698.071749051172,-2.633985883932476e-6,-3545.8969093145934,-12.887334125610282,9.277818793841108
Papua New Guinea,PG,PNG,2010,4.2314,16339627662.3714,7633523,5.543181044977528e-7,2140.5093902738486,-4.609559319684438e-6,-12103.459268091918,-14.405527119142166,7.668799112528823
Paraguay,PY,PRY,2010,5.2439,29786095177.4612,5737971,9.138944759393172e-7,5191.050142543628,-4.2499829482428735e-6,-9052.918515822137,-13.905550725177914,8.55469129529582
Peru,PE,PER,2010,45.8483,150298879148.001,29086019,1.5763002836517435e-6,5167.392593259359,-3.5875771405304474e-6,-9076.576065106407,-13.360430049366114,8.550123506290925
Philippines,PH,PHL,2010,84.9688,228621785456.625,96337125,8.819943505683816e-7,2373.1431206466355,-4.2818830736138096e-6,-11870.82553771913,-13.941080186211401,7.771970566731109
Poland,PL,POL,2010,329.3834,411181642127.603,38042794,8.658233672321754e-6,10808.397567423755,3.4943562481395636e-6,-3435.5710909420104,-11.656999820128535,9.288078663514181
Portugal,PT,PRT,2010,53.2485,208276152407.912,10573100,5.0362240024212386e-06,19698.683679139704,-1.2765342176095235e-7,5454.715020773938,-12.198853962544773,9.888307094175856
Puerto Rico (US),PR,PRI,2010,13.4337,106406131528.656,3724465,3.606880451286292e-6,28569.507708800058,-1.5569969728958988e-6,14325.539050434292,-12.532667300122407,10.260095264022812
Qatar,QA,QAT,2010,72.2126,116951606956.59,1616832,4.4663020029291847e-5,72333.80274301226,3.9499142605109656e-5,58089.83408464649,-10.016364691149548,11.189046833368161
Romania,RO,ROU,2010,83.3446,155105339843.99,20246871,4.116418778980713e-6,7660.706676305193,-1.0474586452014782e-6,-6583.261982060573,-12.400527001003647,8.943859513871693
Russian Federation,RU,RUS,2010,1746.8968,1250664313044.7,142849468,1.2228934587281766e-5,8755.120551409404,7.0650571630995756e-6,-5488.848106956362,-11.311705726754766,9.077394014060838
Rwanda,RW,RWA,2010,0.7312,6018965507.59309,10317553,7.086951721982916e-8,583.3714164194834,-5.0930079069623614e-6,-13660.597241946283,-16.462425436341196,6.3688240614090015
Samoa,WS,WSM,2010,0.2631,787756851.010821,193023,1.3630499992228905e-6,4081.155359780031,-3.8008274249593004e-6,-10162.813298585734,-13.50578572270707,8.314135403728008
Sao Tome and Principe,ST,STP,2010,0.1236,221134908.544338,181802,6.798605075851751e-7,1216.3502521663017,-4.484016916597016e-6,-13027.618406199465,-14.201378195723661,7.103610057372587
Saudi Arabia,SA,SAU,2010,486.877,523453786400.721,23978487,2.0304742330072785e-5,21830.14242728163,1.5140864905890594e-5,7586.173768915864,-10.804656086880785,9.991046973905739
Senegal,SN,SEN,2010,6.9781,14575382431.8826,12635413,5.522652880440078e-7,1153.5343112158346,-4.611612136138183e-6,-13090.43434714993,-14.409237311835138,7.050585822482075
Seychelles,SC,SYC,2010,0.917,1105387984.2341,89770,1.0214993873231592e-5,12313.55669192492,5.051116449049401e-6,-1930.4119664408463,-11.491653929476406,9.418456104492197
Sierra Leone,SL,SLE,2010,0.7103,5617678842.06416,6222714,1.1414633550569736e-7,902.7698914113938,-5.049731088676493e-6,-13341.198766954372,-15.985784566932704,6.805467694156183
Singapore,SG,SGP,2010,48.8859,247501100140.018,5076732,9.629403324816044e-6,48752.05154418591,4.465525900633853e-6,34508.08288582014,-11.550689294113713,10.79450255849819
Slovak Republic,SK,SVK,2010,39.9112,78694079820.7688,5391428,7.402714086138218e-6,14596.147777688731,2.238836661956027e-6,352.17911932296556,-11.813663856600181,9.588512922038433
Slovenia,SI,SVN,2010,17.1608,41881476947.431,2048583,8.376912236409263e-6,20444.120129587624,3.213034812227072e-6,6200.151471221858,-11.690031179580291,9.925450595902388
Solomon Islands,SB,SLB,2010,0.3585,1097358149.86722,532968,6.726482640608816e-7,2058.956916488832,-4.491229160121309e-6,-12185.011741876933,-14.212043282764668,7.629954782325544
"Somalia, Fed. Rep.",SO,SOM,2010,0.7885,4046017818.73357,12261756,6.430563452738743e-8,329.9705049369413,-5.099571789654803e-6,-13913.998153428824,-16.559618580811257,5.799003271487021
South Africa,ZA,ZAF,2010,464.3532,311653604140.269,52344051,8.871174300208442e-6,5953.945065128203,3.7072968760262514e-6,-8290.023593237562,-11.632703380303164,8.691809314984317
Spain,ES,ESP,2010,287.7519,1200112046037.65,46576897,6.177996357292758e-6,25766.251582574296,1.0141189331105667e-6,11522.28292420853,-11.994516553093705,10.156820836433829
Sri Lanka,LK,LKA,2010,13.5184,62491408087.6686,20879089,6.474611990973361e-7,2993.014115111469,-4.516416225084855e-6,-11250.954543254296,-14.250206969342242,8.004036223882832
St. Kitts and Nevis,KN,KNA,2010,0.0987,828615280.858431,46846,2.1069034709473595e-6,17688.069010340925,-3.0569739532348314e-6,3444.1003519751594,-13.070291237695557,9.780645624064098
St. Lucia,LC,LCA,2010,0.1823,1741756827.17338,170906,1.066668226978573e-6,10191.314682769358,-4.097209197203618e-6,-4052.6539755964077,-13.75097057403536,9.229291134849595
St. Vincent and the Grenadines,VC,VCT,2010,0.097,734310821.044753,109959,8.821469820569485e-7,6678.042006973081,-4.281730442125242e-6,-7565.926651392685,-13.940907148500505,8.806580110836178
Sudan,SD,SDN,2010,16.9129,59215296613.7581,35414399,4.775712839288901e-7,1672.0683757405598,-4.686306140253301e-6,-12571.900282625205,-14.554552402452677,7.4218166873901605
Suriname,SR,SUR,2010,1.7497,4731486826.19641,549923,3.1817181678162216e-6,8603.907867458554,-1.9821592563659693e-6,-5640.060790907211,-12.658089202739301,9.059971782224588
Sweden,SE,SWE,2010,52.8835,452077714777.655,9378126,5.639026389707282e-6,48205.54925127419,4.7514896552509136e-7,33961.58059290842,-12.085799133294303,10.783229423106262
Switzerland,CH,CHE,2010,46.3246,636285783946.788,7824909,5.920145525015051e-6,81315.42283070486,7.562681008328602e-7,67071.4541723391,-12.037149527442272,11.306090980259315
Syrian Arab Republic,SY,SYR,2010,62.6918,34316469200.952,22482421,2.7884808313126065e-6,1526.3689440275136,-2.3753965928695844e-6,-12717.599714338252,-12.790013615333507,7.330646954593117
Tajikistan,TJ,TJK,2010,3.071,5896771269.65215,7652141,4.0132558979245157e-7,770.6041053937911,-4.76255183438974e-6,-13473.364552971974,-14.728492794468977,6.647174759706793
Tanzania,TZ,TZA,2010,7.3333,34828049320.6343,44758488,1.638415488923576e-7,778.1328386391046,-5.000035875289834e-6,-13465.83581972666,-15.624366041451248,6.656897253355399
Thailand,TH,THA,2010,246.3596,346967938038.265,68579447,3.5923240967516114e-6,5059.357478316572,-1.5715533274305796e-6,-9184.611180049193,-12.536711184213829,8.528994773648948
Timor-Leste,TL,TLS,2010,0.3344,1296604299.77159,1084679,3.0829397453071366e-7,1195.3806607960419,-4.855583449651477e-6,-13048.587997569724,-14.99221204642073,7.0862199582402505
Togo,TG,TGO,2010,2.525,4339580301.80856,6732590,3.7504140308558814e-7,644.5632812645,-4.788836021096603e-6,-13599.405377101266,-14.796229408842304,6.468573004160494
Tonga,TO,TON,2010,0.1262,392437239.050283,107400,1.1750465549348231e-6,3653.978017227961,-3.988830869247367e-6,-10589.990641137805,-13.654202789931926,8.203571720835553
Trinidad and Tobago,TT,TTO,2010,41.0228,23637278843.6027,1317714,3.113179339371062e-5,17938.09494594631,2.5967915969528426e-5,3694.126287580546,-10.377280965349689,9.794681939670202
Tunisia,TN,TUN,2010,27.731,42061674642.7812,10765980,2.575798951883619e-6,3906.9062586760515,-2.588078472298572e-6,-10337.062399689714,-12.869350799396994,8.270501101594988
Turkiye,TR,TUR,2010,312.1721,619702577582.152,73142150,4.2680191927636805e-6,8472.578090501194,-8.958582314185105e-7,-5771.3905678645715,-12.364360727636171,9.044590120376022
Turkmenistan,TM,TKM,2010,61.6532,21701780648.8816,5564356,1.10800243550197e-5,3900.142379258552,5.9161469308375095e-6,-10343.826279107214,-11.410366678541081,8.268768338953548
Turks and Caicos Islands,TC,TCA,2010,0.0733,865757988.836841,29739,2.4647768922963113e-6,29111.872922318875,-2.6991005318858796e-6,14867.904263953109,-12.913409264790538,10.2789013741519
Tuvalu,TV,TUV,2010,0,30560852.5967582,10614,0,2879.296457203524,-5.163877424182191e-6,-11364.672201162242,-Inf,7.96530125759416
Uganda,UG,UGA,2010,3.7998,24896350765.3932,32390802,1.1731108109024284e-7,768.6240916601324,-5.0465663430919485e-6,-13475.344566705633,-15.958436617801288,6.644602022500462
Ukraine,UA,UKR,2010,315.9087,106195352549.996,46456003,6.8001696142477e-6,2285.933909337745,1.6362921900655093e-6,-11958.034749028022,-11.89856300282157,7.734529932885968
United Arab Emirates,AE,ARE,2010,171.9529,290792347835.845,6869838,2.503012443670433e-5,42328.85081654691,1.986624701252214e-5,28084.882158181143,-10.59543048103058,10.653224184942975
United Kingdom,GB,GBR,2010,500.7484,2684060544650.54,62766365,7.977973553192064e-6,42762.720840222944,2.8140961290098736e-6,28518.752181857177,-11.738826119453705,10.663421993615652
United States,US,USA,2010,5521.4993,16259610790677,309378227,1.7847084306937994e-5,52555.76951340212,1.2683206882755803e-5,38311.80085503635,-10.933670407229867,10.869630161209097
Uruguay,UY,URY,2010,6.4579,48857389210.184,3318580,1.9459829204057156e-6,14722.378008119134,-3.2178945037764753e-6,478.4093497533686,-13.149743351008906,9.597123928699773
Uzbekistan,UZ,UZB,2010,135.8014,60876691748.3487,28385506,4.784181053527811e-6,2144.640005654601,-3.7969637065437965e-7,-12099.328652711165,-12.250195696394988,7.670726987745511
Vanuatu,VU,VUT,2010,0.1549,680620638.703336,238248,6.501628555119036e-7,2856.7737764990093,-4.513714568670288e-6,-11387.194881866757,-14.246042958496982,7.957448216911242
"Venezuela, RB",VE,VEN,2010,176.795,124819126240.736,28813101,6.13592407148401e-6,4332.026817965064,9.720466473018187e-7,-9911.941840400701,-12.00134986824511,8.373790798767708
Viet Nam,VN,VNM,2010,156.7839,177322478338.404,87455152,1.792734863693336e-6,2027.5818437592332,-3.371142560488855e-6,-12216.386814606532,-13.231768247285421,7.614599152010476
Virgin Islands (U.S.),VI,VIR,2010,2e-4,5110412753.46852,108357,1.8457506206336462e-9,47162.73755704311,-5.162031673561557e-6,32918.76889867734,-20.110379801739217,10.761359401249928
"Yemen, Rep.",YE,YEM,2010,26.3447,63038676060.5744,26754387,9.846871094448922e-7,2356.1996042209603,-4.179190314737299e-6,-11887.769054144806,-13.830941901623378,7.764805262838556
Zambia,ZM,ZMB,2010,3.2126,16527123087.7163,13965594,2.3003676034116416e-7,1183.4171240919864,-4.9338406638410265e-6,-13060.55153427378,-15.285026713224003,7.076161400386326
Zimbabwe,ZW,ZWE,2010,10.0686,14107304144.8004,13356548,7.538325022303667e-7,1056.208845638888,-4.410044921951824e-6,-13187.759812726877,-14.098095639199508,6.962441215203572
